kind,name,description,trial_count,workload_units_json,gross_energy_joules_count,gross_energy_joules_median,gross_energy_joules_minimum,gross_energy_joules_maximum,gross_energy_joules_range,duration_seconds_count,duration_seconds_median,duration_seconds_minimum,duration_seconds_maximum,duration_seconds_range,sampled_peak_power_watts_count,sampled_peak_power_watts_median,sampled_peak_power_watts_minimum,sampled_peak_power_watts_maximum,sampled_peak_power_watts_range,peak_temperature_c_count,peak_temperature_c_median,peak_temperature_c_minimum,peak_temperature_c_maximum,peak_temperature_c_range,gross_energy_joules_per_frame_count,gross_energy_joules_per_frame_median,gross_energy_joules_per_frame_minimum,gross_energy_joules_per_frame_maximum,gross_energy_joules_per_frame_range,gross_energy_joules_per_megapixel_count,gross_energy_joules_per_megapixel_median,gross_energy_joules_per_megapixel_minimum,gross_energy_joules_per_megapixel_maximum,gross_energy_joules_per_megapixel_range,average_power_watts_count,average_power_watts_median,average_power_watts_minimum,average_power_watts_maximum,average_power_watts_range,gross_energy_joules_per_target_frame_count,gross_energy_joules_per_target_frame_median,gross_energy_joules_per_target_frame_minimum,gross_energy_joules_per_target_frame_maximum,gross_energy_joules_per_target_frame_range,gross_energy_joules_per_target_megapixel_count,gross_energy_joules_per_target_megapixel_median,gross_energy_joules_per_target_megapixel_minimum,gross_energy_joules_per_target_megapixel_maximum,gross_energy_joules_per_target_megapixel_range
phase,level0_5_skip_images,Exact 1.2 GB flight-like X-band playback; packet recovery and CTDB decode with CSIE image assembly disabled,3,"{""input_bytes"": 1309312200.0, ""raw_written_images"": 124.0}",3,1110.9680219204301,1098.9543328140435,1126.3052669907668,27.350934176723285,3,127.508830154,126.31828119,127.796115796,1.4778346060000018,3,9.819,9.817,10.013,0.19599999999999973,3,47.343,46.343,47.687,1.343999999999994,0,,,,,0,,,,,,,,,,,,,,,,,,,
phase,level0_5_full,Exact same X-band playback with core CSIE FITS and metadata products; diagnostic PNG and JPEG2000 products excluded,3,"{""image_pixels"": 89864000.0, ""input_bytes"": 1309312200.0, ""raw_written_images"": 124.0}",3,1249.8754501368783,1246.0546550056295,1263.2333055481774,17.178650542547985,3,142.720659609,142.420275634,142.727106313,0.3068306790000008,3,9.817,9.817,10.215,0.3979999999999997,3,47.593,47.093,47.812,0.7189999999999941,0,,,,,3,13.90852232414402,13.866004796199027,14.057167559291567,0.19116276309254054,,,,,,,,,,,,,,,
phase,level0_5_duckdb,Ingest the full Level 0.5 decoded per-APID CSV products into a single DuckDB store,3,"{""raw_written_images"": 124.0}",3,242.4790032137998,241.45546176571546,246.8063632635702,5.35090149785475,3,27.456521312,27.307699326,27.694103392,0.3864040659999972,3,10.312,10.312,10.315,0.0030000000000001137,3,47.687,47.218,47.937,0.7189999999999941,0,,,,,0,,,,,,,,,,,,,,,,,,,
phase,level1,Create 241 provisional Level 1 DN/s products from the reviewed synthetic Level 0.5 sequence,3,"{""binning_columns"": 2.0, ""binning_rows"": 2.0, ""frames"": 241.0, ""image_pixels"": 180750000.0, ""unbinned_equivalent_pixels_per_frame"": 3000000.0}",3,596.828390278539,593.9037334883135,598.3373630399451,4.433629551631611,3,63.603049604,63.594254586,63.766514772,0.1722601860000026,3,9.712,9.517,9.812,0.29499999999999993,3,47.468,47.218,47.687,0.4689999999999941,3,2.4764663497034816,2.4643308443498486,2.4827276474686517,0.018396803118803096,3,3.3019551329379753,3.2857744591331315,3.3103035299582024,0.024529070825070942,,,,,,,,,,,,,,,
phase,level2,GPU/CuPy PSF deconvolution of all 241 Level 1 products,3,"{""binning_columns"": 2.0, ""binning_rows"": 2.0, ""frames"": 241.0, ""image_pixels"": 180750000.0, ""unbinned_equivalent_pixels_per_frame"": 3000000.0}",3,1122.0496081867343,1121.5064290124558,1126.7665823932823,5.260153380826523,3,117.463292651,117.331015941,117.738291255,0.40727531399998895,3,10.815,10.416,10.818,0.40199999999999925,3,48.0,47.375,48.0,0.625,3,4.65580750284952,4.653553647354588,4.675380009930632,0.021826362576043756,3,6.207743337132693,6.204738196472785,6.233840013240843,0.02910181676805834,,,,,,,,,,,,,,,
phase,level3,"Benchmark-only Level 3 pass-through; no applicable rotation, geometry, or special dark correction is available for this source",3,"{""binning_columns"": 2.0, ""binning_rows"": 2.0, ""frames"": 241.0, ""image_pixels"": 180750000.0, ""unbinned_equivalent_pixels_per_frame"": 3000000.0}",3,468.25155273997757,465.66885493228466,474.56967002768545,8.900815095400787,3,50.851136296,50.843667806,51.500619806,0.656952000000004,3,9.414,9.414,10.117,0.7030000000000012,3,47.5,47.312,48.0,0.6880000000000024,3,1.9429525009957576,1.932235912582094,1.9691687553015993,0.036932842719505254,3,2.5906033346610102,2.576314550109459,2.6255583404021325,0.04924379029267367,,,,,,,,,,,,,,,
phase,level4,"Automatic CME-front detection and height/speed/acceleration product generation; diagnostic PNG plots, overlay, and movie excluded while ECSV science tables and JSON provenance remain enabled",3,"{""binning_columns"": 2.0, ""binning_rows"": 2.0, ""frames"": 241.0, ""image_pixels"": 180750000.0, ""unbinned_equivalent_pixels_per_frame"": 3000000.0}",3,529.7723003013894,526.9422657239287,530.7160609682381,3.77379524430944,3,58.980050639,58.78055999,59.503351576,0.7227915859999996,3,10.118,10.118,10.517,0.39899999999999913,3,47.906,47.468,47.937,0.4689999999999941,3,2.1982253124538977,2.1864824303897454,2.2021413318184155,0.015658901428670102,3,2.9309670832718635,2.9153099071863275,2.936188442424554,0.02087853523822636,,,,,,,,,,,,,,,
exact_hybrid_phase_sum,hybrid_241_frame_pipeline,"Keep exact-file fixed Level 0.5 work and scale only the marginal CSIE image assembly from 89,864,000 observed pixels to the 241-frame synthetic workload of 180,750,000 pixels; then add DuckDB and measured Levels 1-4.",3,"{""image_pixels"": 180750000.0, ""target_frame_count"": 241.0}",3,4208.285791049273,4207.537005230628,4229.394253746643,21.857248516014806,3,461.00139608,460.625785918,462.65498851000007,2.029202592000047,,,,,,,,,,,,,,,,,,,,,3,9.136018693921809,9.126950679560354,9.141572789191327,0.014622109630973767,3,17.461766767839308,17.458659772741196,17.549353749986068,0.0906939772448716,3,23.28235569045241,23.27821303032159,23.39913833331476,0.12092530299316806
projected_total,hybrid_241_frame_pipeline,"Keep exact-file fixed Level 0.5 work and scale only the marginal CSIE image assembly from 89,864,000 observed pixels to the 241-frame synthetic workload of 180,750,000 pixels; then add DuckDB and measured Levels 1-4.",3,"{""image_pixels"": 180750000.0, ""target_frame_count"": 241.0}",3,4357.059047110704,4348.02419165545,4367.879539426434,19.855347770984736,3,476.9109041748925,476.3862257319978,477.75578531548456,1.3695595834867618,,,,,,,,,,,,,,,,,,,,,3,9.13600215253809,9.127098889088225,9.142494290345681,0.015395401257455532,3,18.07908318303197,18.041594156246678,18.123981491395995,0.08238733514931695,3,24.105444244042623,24.055458874995573,24.165308655194657,0.10984978019908453
